inputfile/50A/21508887.cpp,inputfile/50A/36641065.cpp
inputfile/50A/21508887.cpp,inputfile/50A/164831265.cpp
inputfile/50A/21508887.cpp,inputfile/50A/21715601.cpp
inputfile/50A/21508887.cpp,inputfile/50A/29019948.cpp
inputfile/50A/21508887.cpp,inputfile/50A/33794240.cpp
inputfile/50A/21508887.cpp,inputfile/50A/31034693.cpp
inputfile/50A/21508887.cpp,inputfile/50A/21508898.cpp
inputfile/50A/36641065.cpp,inputfile/50A/164831265.cpp
inputfile/50A/36641065.cpp,inputfile/50A/21715601.cpp
inputfile/50A/36641065.cpp,inputfile/50A/29019948.cpp
inputfile/50A/36641065.cpp,inputfile/50A/33794240.cpp
inputfile/50A/36641065.cpp,inputfile/50A/31034693.cpp
inputfile/50A/36641065.cpp,inputfile/50A/21508898.cpp
inputfile/50A/164831265.cpp,inputfile/50A/21715601.cpp
inputfile/50A/164831265.cpp,inputfile/50A/29019948.cpp
inputfile/50A/164831265.cpp,inputfile/50A/33794240.cpp
inputfile/50A/164831265.cpp,inputfile/50A/31034693.cpp
inputfile/50A/164831265.cpp,inputfile/50A/21508898.cpp
inputfile/50A/21715601.cpp,inputfile/50A/29019948.cpp
inputfile/50A/21715601.cpp,inputfile/50A/33794240.cpp
inputfile/50A/21715601.cpp,inputfile/50A/31034693.cpp
inputfile/50A/21715601.cpp,inputfile/50A/21508898.cpp
inputfile/50A/29019948.cpp,inputfile/50A/33794240.cpp
inputfile/50A/29019948.cpp,inputfile/50A/31034693.cpp
inputfile/50A/29019948.cpp,inputfile/50A/21508898.cpp
inputfile/50A/33794240.cpp,inputfile/50A/31034693.cpp
inputfile/50A/33794240.cpp,inputfile/50A/21508898.cpp
inputfile/50A/31034693.cpp,inputfile/50A/21508898.cpp
